{
  "project_info": {
    "project_number": "439587275914",
    "firebase_url": "https://test-cb8b3.firebaseio.com",
    "project_id": "test-cb8b3",
    "storage_bucket": "test-cb8b3.appspot.com"
  },
  "client": [
    {
      "client_info": {
        "mobilesdk_app_id": "1:439587275914:android:23005921fb5271f1aa5973",
        "android_client_info": {
          "package_name": "com.example.databasetest"
        }
      },
      "oauth_client": [
        {
          "client_id": "439587275914-mq3m8ctuig473eamuuho7kb20srldch3.apps.googleusercontent.com",
          "client_type": 1,
          "android_info": {
            "package_name": "com.example.databasetest",
            "certificate_hash": "95bc168b797bfd9ef2eba138fd2da2a81571053d"
          }
        },
        {
          "client_id": "439587275914-hkfm0kbspuocuff870mrk5eo1152ag5k.apps.googleusercontent.com",
          "client_type": 3
        }
      ],
      "api_key": [
        {
          "current_key": "AIzaSyCdevCqJiuo9iQGuHJHRGjleoZfHjwARW4"
        }
      ],
      "services": {
        "appinvite_service": {
          "other_platform_oauth_client": [
            {
              "client_id": "439587275914-hkfm0kbspuocuff870mrk5eo1152ag5k.apps.googleusercontent.com",
              "client_type": 3
            }
          ]
        }
      }
    }
  ],
  "configuration_version": "1"
}